n_sample_query,Avg-QueryRankSampleSearchKthRank,Avg-QueryRankSampleSearchUniformRank
1000,0.575093,5.585205
2000,0.55952,2.794196
3000,0.558958,1.920483
4000,0.561975,1.471933
5000,0.563848,1.249008
