n_sample_query,index_build_time(hour)
1000,10.993915
2000,11.28061306
3000,12.02303167
4000,13.25171583
5000,15.20815917
