n_sample_query,index_build_time,query_time
1000,11.01338694,287.195
2000,11.33646806,228.168
3000,12.15383806,218.741
4000,13.59827778,213.920
5000,15.86398556,216.670

