n_sample_query,index_build_time,query_time
1000,11.12472139,287.195
2000,11.41141944,228.168
3000,12.15383806,218.741
4000,13.38252222,213.920
5000,15.33896556,216.196
