n_sample_query,index_build_time,query_time
1000,14.85393194,433.414
2000,15.17702639,355.422
3000,15.96614056,358.197
4000,17.39079056,363.909
5000,19.62355528,367.931
