n_sample_query,index_build_time,query_time
1000,14.74870056,1415.832
2000,15.1077375,388.666
3000,15.96614056,372.115
4000,17.60520306,374.858
5000,20.14780194,379.071
