n_sample_query,index_build_time
1000,14.7319825
2000,15.05507694
3000,15.84419111
4000,17.26884111
5000,19.50160583
