MemoryCapacity,RSBuildIndex,QRSMinMaxLRBuildIndex,RMIPSBuildIndex
2,8.255475833,12.05191278,0.010539722
4,8.255475833,13.16735611,0.023744167
8,8.255475833,15.33896556,0.046809444
16,8.255475833,20.23901083,0.093507778
32,8.255475833,29.84182833,0.194983056
