MemoryCapacity,RSBuildIndex,QRSMinMaxLRBuildIndex
2,11.16165722,14.74870056
4,11.16165722,15.1077375
8,11.16165722,15.96614056
16,11.16165722,17.60520306
32,11.16165722,20.14780194
