topk,RankSampleTime,QueryRankSampleTime,RankSampleIOCost,QueryRankSampleIOCost
10,1.43209,0.11067,236687.36,4392.96
20,1.65765,0.15331,272235.52,8304.64
30,1.73793,0.18534,284922.88,11376.64
40,1.9396,0.21259,318136.32,14218.24
50,1.958,0.24033,320901.12,17064.96
100,2.71106,0.34879,448112.64,28451.84
200,4.17691,0.59642,701849.6,54446.08
300,5.02033,0.81654,843279.36,78909.44
400,5.52416,0.9929,928865.28,100689.92
500,6.57652,1.15184,1120471.04,120540.16