topk,RankSampleRunningTime,QueryRankSampleRunningTime,RankSampleIOCost,QueryRankSampleIOCost
10,32.75237,0.52198,5467668.48,4418.56
20,32.86994,0.52814,5479142.4,5196.8
30,32.98356,0.53473,5487687.68,5544.96
40,33.09906,0.5452,5503247.36,6507.52
50,33.10832,0.55749,5505602.56,7587.84
100,33.32304,0.6062,5537566.72,10219.52
200,33.54303,0.6894,5570677.76,17812.48
300,33.93125,0.75518,5624217.6,22753.28
400,34.19412,0.82111,5668776.96,28979.2
500,34.23457,0.87118,5676989.44,33751.04