topk,RankSampleTime,QueryRankSampleTime,RankSampleIOCost,QueryRankSampleIOCost
10,6.35068,0.54335,906045.44,2048
20,6.36929,0.55766,908462.08,2508.8
30,6.39707,0.57191,911887.36,3988.48
40,6.47261,0.58071,923520,5498.88
50,6.48852,0.58675,927447.04,6630.4
100,6.6067,0.6282,945003.52,15447.04
200,6.76238,0.69936,968366.08,30177.28
300,7.07959,0.76336,1018777.6,48337.92
400,7.4364,0.79123,1073576.96,44753.92
500,7.59132,0.83497,1097395.2,49525.76